/*
SQLyog Ultimate v12.09 (64 bit)
MySQL - 5.7.17 : Database - oauth2
*********************************************************************
*/

/*!40101 SET NAMES utf8 */;

/*!40101 SET SQL_MODE=''*/;

/*!40014 SET @OLD_UNIQUE_CHECKS=@@UNIQUE_CHECKS, UNIQUE_CHECKS=0 */;
/*!40014 SET @OLD_FOREIGN_KEY_CHECKS=@@FOREIGN_KEY_CHECKS, FOREIGN_KEY_CHECKS=0 */;
/*!40101 SET @OLD_SQL_MODE=@@SQL_MODE, SQL_MODE='NO_AUTO_VALUE_ON_ZERO' */;
/*!40111 SET @OLD_SQL_NOTES=@@SQL_NOTES, SQL_NOTES=0 */;
CREATE DATABASE /*!32312 IF NOT EXISTS*/`oauth2` /*!40100 DEFAULT CHARACTER SET utf8 */;

USE `oauth2`;

/*Table structure for table `oauth_access_token` */

DROP TABLE IF EXISTS `oauth_access_token`;

CREATE TABLE `oauth_access_token` (
  `token_id` varchar(255) DEFAULT NULL,
  `token` blob,
  `authentication_id` varchar(255) DEFAULT NULL,
  `user_name` varchar(255) DEFAULT NULL,
  `client_id` varchar(255) DEFAULT NULL,
  `authentication` blob,
  `refresh_token` varchar(255) DEFAULT NULL
) ENGINE=InnoDB DEFAULT CHARSET=utf8;

/*Data for the table `oauth_access_token` */

insert  into `oauth_access_token`(`token_id`,`token`,`authentication_id`,`user_name`,`client_id`,`authentication`,`refresh_token`) values ('a5f019d81036ecd997a41a7151799605','ï¿½ìš°sr\0Corg.springframework.security.oauth2.common.DefaultOAuth2AccessTokenï¿½ï¿½6$ï¿½L\0additionalInformationt\0Ljava/util/Map;L\0\nexpirationt\0Ljava/util/Date;L\0refreshTokent\0?Lorg/springframework/security/oauth2/common/OAuth2RefreshToken;L\0scopet\0Ljava/util/Set;L\0	tokenTypet\0Ljava/lang/String;L\0valueq\0~\0xpsr\0java.util.Collections$EmptyMapY6ï¿½Zİ§Î‚\0\0xpsr\0java.util.Datehjï¿½KYt\0\0xpw\0\0_Ï™>ï¿½xpsr\0%java.util.Collections$UnmodifiableSetï¿½ï¿½Ñï¿½ï¿½U\0\0xr\0,java.util.Collections$UnmodifiableCollectionB\0ï¿½Êï¿½0L\0ct\0Ljava/util/Collection;xpsr\0java.util.LinkedHashSet×¬Öšï¿½Ûª\0\0xr\0java.util.HashSetï¿½Dï¿½ï¿½ï¿½ï¿½ï¿½4\0\0xpw\0\0\0?@\0\0\0\0\0t\0readxt\0bearert\0$ad9dcf46-03a8-42c2-9995-7218202f522c','a3bc37f9a7370d9a20e512120f9e36d1','admin','acme','ï¿½ìš°sr\0Aorg.springframework.security.oauth2.provider.OAuth2Authenticationï¿½@bR\0L\0\rstoredRequestt\0<Lorg/springframework/security/oauth2/provider/OAuth2Request;L\0userAuthenticationt\02Lorg/springframework/security/core/Authentication;xr\0Gorg.springframework.security.authentication.AbstractAuthenticationTokenÓª(~nGd\0Z\0\rauthenticatedL\0authoritiest\0Ljava/util/Collection;L\0detailst\0Ljava/lang/Object;xp\0sr\0&java.util.Collections$UnmodifiableListï¿½ï¿½\0L\0listt\0Ljava/util/List;xr\0,java.util.Collections$UnmodifiableCollectionB\0ï¿½Êï¿½0L\0cq\0~\0xpsr\0java.util.ArrayListxï¿½Ğï¿½Æ¡ï¿½\0I\0sizexp\0\0\0w\0\0\0sr\0com.wang.domain.Authorityiï¿½ï¿½qï¿½\0L\0	authorityt\0Ljava/lang/String;L\0idt\0Ljava/lang/Long;xpt\0\nROLE_ADMINsr\0java.lang.Long;ï¿½ä‘Œï¿½#İ‚\0J\0valuexr\0java.lang.Numberï¿½ï¿½ï¿½ï¿½É‚\0\0xp\0\0\0\0\0\0\0sq\0~\0\rt\0	ROLE_USERsq\0~\0\0\0\0\0\0\0\0xq\0~\0psr\0:org.springframework.security.oauth2.provider.OAuth2Request\0\0\0\0\0\0\0\0Z\0approvedL\0authoritiesq\0~\0L\0\nextensionst\0Ljava/util/Map;L\0redirectUriq\0~\0L\0refresht\0;Lorg/springframework/security/oauth2/provider/TokenRequest;L\0resourceIdst\0Ljava/util/Set;L\0\rresponseTypesq\0~\0xr\08org.springframework.security.oauth2.provider.BaseRequest6(z>ï¿½qiï¿½\0L\0clientIdq\0~\0L\0requestParametersq\0~\0L\0scopeq\0~\0xpt\0acmesr\0%java.util.Collections$UnmodifiableMapñ¥©¾tó†€‚\0L\0mq\0~\0xpsr\0java.util.HashMapÛV`Ïƒ\0F\0\nloadFactorI\0	thresholdxp?@\0\0\0\0\0w\0\0\0\0\0\0t\0codet\0VB42Udt\0\ngrant_typet\0authorization_codet\0\rresponse_typet\0codet\0redirect_urit\0http://localhost:8080/logint\0statet\0oK1dXNt\0	client_idq\0~\0xsr\0%java.util.Collections$UnmodifiableSetï¿½ï¿½Ñï¿½ï¿½U\0\0xq\0~\0	sr\0java.util.LinkedHashSet×¬Öšï¿½Ûª\0\0xr\0java.util.HashSetï¿½Dï¿½ï¿½ï¿½ï¿½ï¿½4\0\0xpw\0\0\0?@\0\0\0\0\0t\0readxsq\0~\01w\0\0\0?@\0\0\0\0\0\0xsq\0~\0!?@\0\0\0\0\0\0w\0\0\0\0\0\0\0xt\0http://localhost:8080/loginpsq\0~\01w\0\0\0?@\0\0\0\0\0\0xsq\0~\01w\0\0\0?@\0\0\0\0\0q\0~\0(xsr\0Oorg.springframework.security.authentication.UsernamePasswordAuthenticationToken\0\0\0\0\0\0ï¿½\0L\0credentialsq\0~\0L\0	principalq\0~\0xq\0~\0sq\0~\0sq\0~\0\0\0\0w\0\0\0q\0~\0q\0~\0xq\0~\0<sr\0Horg.springframework.security.web.authentication.WebAuthenticationDetails\0\0\0\0\0\0ï¿½\0L\0\rremoteAddressq\0~\0L\0	sessionIdq\0~\0xpt\00:0:0:0:0:0:0:1t\0 E6022048260C29A4DCDD030503D0DF5Dpsr\02org.springframework.security.core.userdetails.User\0\0\0\0\0\0ï¿½\0Z\0accountNonExpiredZ\0accountNonLockedZ\0credentialsNonExpiredZ\0enabledL\0authoritiesq\0~\0L\0passwordq\0~\0L\0usernameq\0~\0xpsq\0~\0.sr\0java.util.TreeSetİ˜Pï¿½ï¿½í†›\0\0xpsr\0Forg.springframework.security.core.userdetails.User$AuthorityComparator\0\0\0\0\0\0ï¿½\0\0xpw\0\0\0q\0~\0q\0~\0xpt\0admin',NULL),('ec9590442cea10686863cb4fe60ded97','ï¿½ìš°sr\0Corg.springframework.security.oauth2.common.DefaultOAuth2AccessTokenï¿½ï¿½6$ï¿½L\0additionalInformationt\0Ljava/util/Map;L\0\nexpirationt\0Ljava/util/Date;L\0refreshTokent\0?Lorg/springframework/security/oauth2/common/OAuth2RefreshToken;L\0scopet\0Ljava/util/Set;L\0	tokenTypet\0Ljava/lang/String;L\0valueq\0~\0xpsr\0java.util.Collections$EmptyMapY6ï¿½Zİ§Î‚\0\0xpsr\0java.util.Datehjï¿½KYt\0\0xpw\0\0_Ï™ç¡¸psr\0%java.util.Collections$UnmodifiableSetï¿½ï¿½Ñï¿½ï¿½U\0\0xr\0,java.util.Collections$UnmodifiableCollectionB\0ï¿½Êï¿½0L\0ct\0Ljava/util/Collection;xpsr\0java.util.LinkedHashSet×¬Öšï¿½Ûª\0\0xr\0java.util.HashSetï¿½Dï¿½ï¿½ï¿½ï¿½ï¿½4\0\0xpw\0\0\0?@\0\0\0\0\0t\0readxt\0bearert\0$1ded1018-cacc-440f-a0a3-8a3c1520e4f0','a3bc37f9a7370d9a20e512120f9e36d1','admin','acme','ï¿½ìš°sr\0Aorg.springframework.security.oauth2.provider.OAuth2Authenticationï¿½@bR\0L\0\rstoredRequestt\0<Lorg/springframework/security/oauth2/provider/OAuth2Request;L\0userAuthenticationt\02Lorg/springframework/security/core/Authentication;xr\0Gorg.springframework.security.authentication.AbstractAuthenticationTokenÓª(~nGd\0Z\0\rauthenticatedL\0authoritiest\0Ljava/util/Collection;L\0detailst\0Ljava/lang/Object;xp\0sr\0&java.util.Collections$UnmodifiableListï¿½ï¿½\0L\0listt\0Ljava/util/List;xr\0,java.util.Collections$UnmodifiableCollectionB\0ï¿½Êï¿½0L\0cq\0~\0xpsr\0java.util.ArrayListxï¿½Ğï¿½Æ¡ï¿½\0I\0sizexp\0\0\0w\0\0\0sr\0com.wang.domain.Authorityiï¿½ï¿½qï¿½\0L\0	authorityt\0Ljava/lang/String;L\0idt\0Ljava/lang/Long;xpt\0\nROLE_ADMINsr\0java.lang.Long;ï¿½ä‘Œï¿½#İ‚\0J\0valuexr\0java.lang.Numberï¿½ï¿½ï¿½ï¿½É‚\0\0xp\0\0\0\0\0\0\0sq\0~\0\rt\0	ROLE_USERsq\0~\0\0\0\0\0\0\0\0xq\0~\0psr\0:org.springframework.security.oauth2.provider.OAuth2Request\0\0\0\0\0\0\0\0Z\0approvedL\0authoritiesq\0~\0L\0\nextensionst\0Ljava/util/Map;L\0redirectUriq\0~\0L\0refresht\0;Lorg/springframework/security/oauth2/provider/TokenRequest;L\0resourceIdst\0Ljava/util/Set;L\0\rresponseTypesq\0~\0xr\08org.springframework.security.oauth2.provider.BaseRequest6(z>ï¿½qiï¿½\0L\0clientIdq\0~\0L\0requestParametersq\0~\0L\0scopeq\0~\0xpt\0acmesr\0%java.util.Collections$UnmodifiableMapñ¥©¾tó†€‚\0L\0mq\0~\0xpsr\0java.util.HashMapÛV`Ïƒ\0F\0\nloadFactorI\0	thresholdxp?@\0\0\0\0\0w\0\0\0\0\0\0t\0codet\0yPD0sot\0\ngrant_typet\0authorization_codet\0\rresponse_typet\0codet\0redirect_urit\0http://localhost:8080/logint\0statet\0F4V9HEt\0	client_idq\0~\0xsr\0%java.util.Collections$UnmodifiableSetï¿½ï¿½Ñï¿½ï¿½U\0\0xq\0~\0	sr\0java.util.LinkedHashSet×¬Öšï¿½Ûª\0\0xr\0java.util.HashSetï¿½Dï¿½ï¿½ï¿½ï¿½ï¿½4\0\0xpw\0\0\0?@\0\0\0\0\0t\0readxsq\0~\01w\0\0\0?@\0\0\0\0\0\0xsq\0~\0!?@\0\0\0\0\0\0w\0\0\0\0\0\0\0xt\0http://localhost:8080/loginpsq\0~\01w\0\0\0?@\0\0\0\0\0\0xsq\0~\01w\0\0\0?@\0\0\0\0\0q\0~\0(xsr\0Oorg.springframework.security.authentication.UsernamePasswordAuthenticationToken\0\0\0\0\0\0ï¿½\0L\0credentialsq\0~\0L\0	principalq\0~\0xq\0~\0sq\0~\0sq\0~\0\0\0\0w\0\0\0q\0~\0q\0~\0xq\0~\0<sr\0Horg.springframework.security.web.authentication.WebAuthenticationDetails\0\0\0\0\0\0ï¿½\0L\0\rremoteAddressq\0~\0L\0	sessionIdq\0~\0xpt\00:0:0:0:0:0:0:1t\0 4736A4BC9260DB9B63A7F2BD7A5182DDpsr\02org.springframework.security.core.userdetails.User\0\0\0\0\0\0ï¿½\0Z\0accountNonExpiredZ\0accountNonLockedZ\0credentialsNonExpiredZ\0enabledL\0authoritiesq\0~\0L\0passwordq\0~\0L\0usernameq\0~\0xpsq\0~\0.sr\0java.util.TreeSetİ˜Pï¿½ï¿½í†›\0\0xpsr\0Forg.springframework.security.core.userdetails.User$AuthorityComparator\0\0\0\0\0\0ï¿½\0\0xpw\0\0\0q\0~\0q\0~\0xpt\0admin',NULL);

/*Table structure for table `oauth_approvals` */

DROP TABLE IF EXISTS `oauth_approvals`;

CREATE TABLE `oauth_approvals` (
  `userId` varchar(255) DEFAULT NULL,
  `clientId` varchar(255) DEFAULT NULL,
  `scope` varchar(255) DEFAULT NULL,
  `status` varchar(10) DEFAULT NULL,
  `expiresAt` timestamp NOT NULL DEFAULT CURRENT_TIMESTAMP ON UPDATE CURRENT_TIMESTAMP,
  `lastModifiedAt` timestamp NOT NULL DEFAULT '0000-00-00 00:00:00'
) ENGINE=InnoDB DEFAULT CHARSET=utf8;

/*Data for the table `oauth_approvals` */

insert  into `oauth_approvals`(`userId`,`clientId`,`scope`,`status`,`expiresAt`,`lastModifiedAt`) values ('admin','acme','read','APPROVED','2017-12-18 10:47:28','2017-11-18 10:47:28');

/*Table structure for table `oauth_client_details` */

DROP TABLE IF EXISTS `oauth_client_details`;

CREATE TABLE `oauth_client_details` (
  `client_id` varchar(255) NOT NULL,
  `access_token_validity` int(11) DEFAULT NULL,
  `additional_information` varchar(255) DEFAULT NULL,
  `authorities` varchar(255) DEFAULT NULL,
  `authorized_grant_types` varchar(255) DEFAULT NULL,
  `autoapprove` varchar(255) DEFAULT NULL,
  `client_secret` varchar(255) DEFAULT NULL,
  `refresh_token_validity` int(11) DEFAULT NULL,
  `resource_ids` varchar(255) DEFAULT NULL,
  `scope` varchar(255) DEFAULT NULL,
  `web_server_redirect_uri` varchar(255) DEFAULT NULL,
  PRIMARY KEY (`client_id`)
) ENGINE=InnoDB DEFAULT CHARSET=utf8;

/*Data for the table `oauth_client_details` */

insert  into `oauth_client_details`(`client_id`,`access_token_validity`,`additional_information`,`authorities`,`authorized_grant_types`,`autoapprove`,`client_secret`,`refresh_token_validity`,`resource_ids`,`scope`,`web_server_redirect_uri`) values ('acme',NULL,NULL,NULL,'authorization_code',NULL,'acmesecret',NULL,NULL,'read','');

/*Table structure for table `oauth_client_token` */

DROP TABLE IF EXISTS `oauth_client_token`;

CREATE TABLE `oauth_client_token` (
  `token_id` varchar(255) DEFAULT NULL,
  `token` blob,
  `authentication_id` varchar(255) DEFAULT NULL,
  `user_name` varchar(255) DEFAULT NULL,
  `client_id` varchar(255) DEFAULT NULL
) ENGINE=InnoDB DEFAULT CHARSET=utf8;

/*Data for the table `oauth_client_token` */

/*Table structure for table `oauth_code` */

DROP TABLE IF EXISTS `oauth_code`;

CREATE TABLE `oauth_code` (
  `code` varchar(255) DEFAULT NULL,
  `authentication` blob
) ENGINE=InnoDB DEFAULT CHARSET=utf8;

/*Data for the table `oauth_code` */

/*Table structure for table `oauth_refresh_token` */

DROP TABLE IF EXISTS `oauth_refresh_token`;

CREATE TABLE `oauth_refresh_token` (
  `token_id` varchar(255) DEFAULT NULL,
  `token` blob,
  `authentication` blob
) ENGINE=InnoDB DEFAULT CHARSET=utf8;

/*Data for the table `oauth_refresh_token` */

/*Table structure for table `sys_authority` */

DROP TABLE IF EXISTS `sys_authority`;

CREATE TABLE `sys_authority` (
  `id` int(11) NOT NULL AUTO_INCREMENT COMMENT 'ä¸»é”®ID',
  `auth_key` varchar(50) DEFAULT NULL COMMENT 'å½“å‰key',
  `pid` int(10) DEFAULT NULL COMMENT 'çˆ¶èŠ‚ç‚¹ID',
  `level` int(10) DEFAULT NULL COMMENT 'å±‚çº§',
  `auth_name` varchar(100) DEFAULT NULL COMMENT 'æƒé™åç§°',
  `auth_desc` varchar(100) DEFAULT NULL COMMENT 'æƒé™æè¿°',
  `menu_url` varchar(100) DEFAULT NULL COMMENT 'èœå•é“¾æ¥',
  `icon_cls` varchar(100) DEFAULT NULL COMMENT 'å›¾æ ‡æ ·å¼',
  `seq` int(10) DEFAULT NULL COMMENT 'æ’åºå·',
  PRIMARY KEY (`id`)
) ENGINE=InnoDB AUTO_INCREMENT=59 DEFAULT CHARSET=utf8;

/*Data for the table `sys_authority` */

insert  into `sys_authority`(`id`,`auth_key`,`pid`,`level`,`auth_name`,`auth_desc`,`menu_url`,`icon_cls`,`seq`) values (1,'SYS',0,1,'ç³»ç»Ÿç®¡ç†','ç³»ç»Ÿç®¡ç†',NULL,'fa-desktop',NULL),(2,'SYS_USER',1,2,'ç”¨æˆ·ç®¡ç†','ç”¨æˆ·ç®¡ç†','sys_user/list','fa-user',NULL),(3,'SYS_ROLE',1,2,'è§’è‰²ç®¡ç†','è§’è‰²ç®¡ç†','sys_role/list','fa-users',NULL),(4,'SYS_AUTHORITY',1,2,'æƒé™ç®¡ç†','æƒé™ç®¡ç†','sys_authority/tree','fa-sitemap',NULL),(5,'SYS_USER_ADD',2,3,'å¢åŠ ','å¢åŠ ',NULL,NULL,NULL),(6,'SYS_USER_EDIT',2,3,'ç¼–è¾‘','ç¼–è¾‘',NULL,NULL,NULL),(7,'SYS_USER_DELETE',2,3,'åˆ é™¤','åˆ é™¤',NULL,NULL,NULL),(8,'SYS_USER_LIST',2,3,'åˆ—è¡¨','åˆ—è¡¨',NULL,NULL,NULL),(9,'SYS_USER_QUERY',2,3,'æŸ¥è¯¢','æŸ¥è¯¢',NULL,NULL,NULL),(10,'SYS_USER_GRANT',2,3,'æˆæƒ','æˆæƒ',NULL,NULL,NULL),(11,'SYS_ROLE_ADD',3,3,'å¢åŠ ','å¢åŠ ',NULL,NULL,NULL),(12,'SYS_ROLE_EDIT',3,3,'ç¼–è¾‘','ç¼–è¾‘',NULL,NULL,NULL),(13,'SYS_ROLE_DELETE',3,3,'åˆ é™¤','åˆ é™¤',NULL,NULL,NULL),(14,'SYS_ROLE_LIST',3,3,'åˆ—è¡¨','åˆ—è¡¨',NULL,NULL,NULL),(15,'SYS_ROLE_QUERY',3,3,'æŸ¥è¯¢','æŸ¥è¯¢',NULL,NULL,NULL),(16,'SYS_ROLE_GRANT',3,3,'æˆæƒ','æˆæƒ',NULL,NULL,NULL),(17,'SYS_AUTHORITY_ADD',4,3,'å¢åŠ ','å¢åŠ ',NULL,NULL,NULL),(18,'SYS_AUTHORITY_EDIT',4,3,'ç¼–è¾‘','ç¼–è¾‘',NULL,NULL,NULL),(19,'SYS_AUTHORITY_DELETE',4,3,'åˆ é™¤','åˆ é™¤',NULL,NULL,NULL),(20,'SYS_AUTHORITY_LIST',4,3,'åˆ—è¡¨','åˆ—è¡¨',NULL,NULL,NULL),(21,'SYS_AUTHORITY_QUERY',4,3,'æŸ¥è¯¢','æŸ¥è¯¢',NULL,NULL,NULL),(22,'SYS_LOG',1,2,'ç³»ç»Ÿæ—¥å¿—','ç³»ç»Ÿæ—¥å¿—','sys_log/list','fa-file-text-o',0),(23,'SYS_LOG_ADD',22,3,'å¢åŠ ','å¢åŠ ','','',0),(24,'SYS_LOG_EDIT',22,3,'ç¼–è¾‘','ç¼–è¾‘',NULL,NULL,NULL),(25,'SYS_LOG_DELETE',22,3,'åˆ é™¤','åˆ é™¤',NULL,NULL,NULL),(26,'SYS_LOG_LIST',22,3,'åˆ—è¡¨','åˆ—è¡¨',NULL,NULL,NULL),(27,'SYS_LOG_QUERY',22,3,'æŸ¥è¯¢','æŸ¥è¯¢',NULL,NULL,NULL),(28,'CMS',0,1,'CMSç®¡ç†','CMSç®¡ç†',NULL,'fa-desktop',NULL),(29,'CMS_SITE',28,2,'ç«™ç‚¹ç®¡ç†','ç«™ç‚¹ç®¡ç†','cms_site/list','fa-user',NULL),(30,'CMS_CATEGORY',28,2,'æ ç›®ç®¡ç†','æ ç›®ç®¡ç†','cms_category/list','fa-users',NULL),(31,'CMS_ARTICLE',28,2,'æ–‡ç« ç®¡ç†','æ–‡ç« ç®¡ç†','cms_article/list','fa-sitemap',NULL),(32,'CMS_ARTICLE_CONTENT',28,2,'æ–‡ç« å†…å®¹ç®¡ç†','æ–‡ç« å†…å®¹ç®¡ç†','cms_article_content/list','fa-user',NULL),(33,'CMS_SITE_ADD',29,3,'å¢åŠ ','å¢åŠ ',NULL,NULL,NULL),(34,'CMS_SITE_EDIT',29,3,'ç¼–è¾‘','ç¼–è¾‘',NULL,NULL,NULL),(35,'CMS_SITE_DELETE',29,3,'åˆ é™¤','åˆ é™¤',NULL,NULL,NULL),(36,'CMS_SITE_LIST',29,3,'åˆ—è¡¨','åˆ—è¡¨',NULL,NULL,NULL),(37,'CMS_SITE_QUERY',29,3,'æŸ¥è¯¢','æŸ¥è¯¢',NULL,NULL,NULL),(38,'CMS_CATEGORY_ADD',30,3,'å¢åŠ ','å¢åŠ ',NULL,NULL,NULL),(39,'CMS_CATEGORY_EDIT',30,3,'ç¼–è¾‘','ç¼–è¾‘',NULL,NULL,NULL),(40,'CMS_CATEGORY_DELETE',30,3,'åˆ é™¤','åˆ é™¤',NULL,NULL,NULL),(41,'CMS_CATEGORY_LIST',30,3,'åˆ—è¡¨','åˆ—è¡¨',NULL,NULL,NULL),(42,'CMS_CATEGORY_QUERY',30,3,'æŸ¥è¯¢','æŸ¥è¯¢',NULL,NULL,NULL),(43,'CMS_ARTICLE_ADD',31,3,'å¢åŠ ','å¢åŠ ',NULL,NULL,NULL),(44,'CMS_ARTICLE_EDIT',31,3,'ç¼–è¾‘','ç¼–è¾‘',NULL,NULL,NULL),(45,'CMS_ARTICLE_DELETE',31,3,'åˆ é™¤','åˆ é™¤',NULL,NULL,NULL),(46,'CMS_ARTICLE_LIST',31,3,'åˆ—è¡¨','åˆ—è¡¨',NULL,NULL,NULL),(47,'CMS_ARTICLE_QUERY',31,3,'æŸ¥è¯¢','æŸ¥è¯¢',NULL,NULL,NULL),(48,'CMS_ARTICLE_CONTENT_ADD',32,3,'å¢åŠ ','å¢åŠ ',NULL,NULL,NULL),(49,'CMS_ARTICLE_CONTENT_EDIT',32,3,'ç¼–è¾‘','ç¼–è¾‘',NULL,NULL,NULL),(50,'CMS_ARTICLE_CONTENT_DELETE',32,3,'åˆ é™¤','åˆ é™¤',NULL,NULL,NULL),(51,'CMS_ARTICLE_CONTENT_LIST',32,3,'åˆ—è¡¨','åˆ—è¡¨',NULL,NULL,NULL),(52,'CMS_ARTICLE_CONTENT_QUERY',32,3,'æŸ¥è¯¢','æŸ¥è¯¢',NULL,NULL,NULL),(53,'SYS_OAUTH2_CLIENT',1,2,'å®¢æˆ·ç«¯ç®¡ç†','å®¢æˆ·ç«¯ç®¡ç†','sys_oauth2_client/list','fa-sitemap',NULL),(54,'SYS_OAUTH2_CLIENT_ADD',53,3,'å¢åŠ ','å¢åŠ ',NULL,NULL,NULL),(55,'SYS_OAUTH2_CLIENT_EDIT',53,3,'ç¼–è¾‘','ç¼–è¾‘',NULL,NULL,NULL),(56,'SYS_OAUTH2_CLIENT_DELETE',53,3,'åˆ é™¤','åˆ é™¤',NULL,NULL,NULL),(57,'SYS_OAUTH2_CLIENT_LIST',53,3,'åˆ—è¡¨','åˆ—è¡¨',NULL,NULL,NULL),(58,'SYS_OAUTH2_CLIENT_QUERY',53,3,'æŸ¥è¯¢','æŸ¥è¯¢',NULL,NULL,NULL);

/*Table structure for table `sys_role` */

DROP TABLE IF EXISTS `sys_role`;

CREATE TABLE `sys_role` (
  `id` int(11) NOT NULL AUTO_INCREMENT COMMENT 'ä¸»é”®ID',
  `role_name` varchar(30) DEFAULT NULL COMMENT 'è§’è‰²åç§°',
  `role_desc` varchar(100) DEFAULT NULL COMMENT 'è§’è‰²æè¿°',
  PRIMARY KEY (`id`)
) ENGINE=InnoDB AUTO_INCREMENT=6 DEFAULT CHARSET=utf8;

/*Data for the table `sys_role` */

insert  into `sys_role`(`id`,`role_name`,`role_desc`) values (1,'admin','admin'),(5,'ç³»ç»Ÿç®¡ç†å‘˜','ç³»ç»Ÿç®¡ç†å‘˜');

/*Table structure for table `sys_role_authority` */

DROP TABLE IF EXISTS `sys_role_authority`;

CREATE TABLE `sys_role_authority` (
  `role_id` int(11) NOT NULL,
  `auth_id` int(11) NOT NULL,
  PRIMARY KEY (`role_id`,`auth_id`),
  KEY `sys_role_authority_a` (`auth_id`),
  CONSTRAINT `sys_role_authority_a` FOREIGN KEY (`auth_id`) REFERENCES `sys_authority` (`id`),
  CONSTRAINT `sys_role_authority_r` FOREIGN KEY (`role_id`) REFERENCES `sys_role` (`id`)
) ENGINE=InnoDB DEFAULT CHARSET=utf8;

/*Data for the table `sys_role_authority` */

insert  into `sys_role_authority`(`role_id`,`auth_id`) values (1,1),(5,1),(1,2),(5,2),(1,3),(5,3),(1,4),(5,4),(1,5),(5,5),(1,6),(5,6),(1,7),(5,7),(1,8),(5,8),(1,9),(5,9),(1,10),(5,10),(1,11),(5,11),(1,12),(5,12),(1,13),(5,13),(1,14),(5,14),(1,15),(5,15),(1,16),(5,16),(1,17),(5,17),(1,18),(5,18),(1,19),(5,19),(1,20),(5,20),(1,21),(5,21),(1,22),(5,22),(1,23),(5,23),(1,24),(5,24),(1,25),(5,25),(1,26),(5,26),(1,27),(5,27),(1,28),(5,28),(1,29),(5,29),(1,30),(5,30),(1,31),(5,31),(1,32),(5,32),(1,33),(5,33),(1,34),(5,34),(1,35),(5,35),(1,36),(5,36),(1,37),(5,37),(1,38),(5,38),(1,39),(5,39),(1,40),(5,40),(1,41),(5,41),(1,42),(5,42),(1,43),(5,43),(1,44),(5,44),(1,45),(5,45),(1,46),(5,46),(1,47),(5,47),(1,48),(5,48),(1,49),(5,49),(1,50),(5,50),(1,51),(5,51),(1,52),(5,52),(1,53),(5,53),(1,54),(5,54),(1,55),(5,55),(1,56),(5,56),(1,57),(5,57),(1,58),(5,58);

/*Table structure for table `sys_user` */

DROP TABLE IF EXISTS `sys_user`;

CREATE TABLE `sys_user` (
  `id` int(11) NOT NULL AUTO_INCREMENT COMMENT 'ä¸»é”®ID',
  `user_name` varchar(30) DEFAULT NULL COMMENT 'ç”¨æˆ·å',
  `password` varchar(60) DEFAULT NULL COMMENT 'å¯†ç ',
  `reg_time` date DEFAULT NULL COMMENT 'æ³¨å†Œæ—¶é—´',
  `gender` int(1) DEFAULT NULL COMMENT 'æ€§åˆ«',
  `mobile` varchar(20) DEFAULT NULL COMMENT 'æ‰‹æœºå·ç ',
  `email` varchar(100) DEFAULT NULL COMMENT 'é‚®ç®±',
  `auto_login_key` varchar(100) DEFAULT NULL COMMENT 'è‡ªåŠ¨ç™»å½•æ ‡ç¤º',
  `last_login_time` datetime DEFAULT NULL COMMENT 'æœ€åç™»å½•æ—¶é—´',
  PRIMARY KEY (`id`)
) ENGINE=InnoDB AUTO_INCREMENT=14 DEFAULT CHARSET=utf8 COMMENT='ç”¨æˆ·è¡¨';

/*Data for the table `sys_user` */

insert  into `sys_user`(`id`,`user_name`,`password`,`reg_time`,`gender`,`mobile`,`email`,`auto_login_key`,`last_login_time`) values (1,'leihailong','$2a$08$Mu8E6GcCdg.pQ0.UitxKcOaZGgp5OqhCToxFJuYXyj4at0.NaIN6C','2013-09-01',1,'18025371865','leihailong123@163.com',NULL,'2015-04-16 16:10:50'),(2,'admin','$2a$08$Mu8E6GcCdg.pQ0.UitxKcOaZGgp5OqhCToxFJuYXyj4at0.NaIN6C',NULL,1,'18025371865','hailong.lei@cnlaunch.com',NULL,NULL),(3,'leiyundong','$2a$08$Mu8E6GcCdg.pQ0.UitxKcOaZGgp5OqhCToxFJuYXyj4at0.NaIN6C','2014-07-10',1,'13800000000','yundong.lei@cnlaunch.com',NULL,'2015-03-19 11:42:20'),(4,'xuwenjuan','$2a$08$Mu8E6GcCdg.pQ0.UitxKcOaZGgp5OqhCToxFJuYXyj4at0.NaIN6C','2014-07-10',0,'13800000000','wenjuan.xu@cnlaunch.com',NULL,'2015-03-14 14:18:03'),(5,'linlongyun','$2a$08$Mu8E6GcCdg.pQ0.UitxKcOaZGgp5OqhCToxFJuYXyj4at0.NaIN6C','2014-08-14',1,'13027975339','longyun.lin@cnlaunch.com',NULL,'2015-03-24 13:32:27'),(6,'longluqing','$2a$08$Mu8E6GcCdg.pQ0.UitxKcOaZGgp5OqhCToxFJuYXyj4at0.NaIN6C',NULL,0,'18126089260','luqing.long@cnlaunch.com',NULL,'2015-03-24 08:37:27'),(7,'gengmengmeng','$2a$08$Mu8E6GcCdg.pQ0.UitxKcOaZGgp5OqhCToxFJuYXyj4at0.NaIN6C','2014-08-14',0,'13800000000','mengmeng.geng@cnlaunch.com',NULL,'2015-03-24 08:34:10'),(8,'heyongchang','$2a$08$Mu8E6GcCdg.pQ0.UitxKcOaZGgp5OqhCToxFJuYXyj4at0.NaIN6C',NULL,1,'13800000000','yongchang.he@cnlaunch.com',NULL,'2015-03-23 14:42:10'),(10,'zhumingxi','$2a$08$Mu8E6GcCdg.pQ0.UitxKcOaZGgp5OqhCToxFJuYXyj4at0.NaIN6C','2014-11-17',1,'18126089260','mingxi.zhu@cnlaunch.com',NULL,'2015-03-23 15:58:03'),(11,'songliuxia','$2a$08$Mu8E6GcCdg.pQ0.UitxKcOaZGgp5OqhCToxFJuYXyj4at0.NaIN6C',NULL,0,'13047048960','liuxia.song@cnlaunch.com',NULL,'2015-03-24 14:02:44'),(12,'licenglin','$2a$08$Mu8E6GcCdg.pQ0.UitxKcOaZGgp5OqhCToxFJuYXyj4at0.NaIN6C','2015-01-13',1,'18128836829','cenglin.li@cnlaunch.com',NULL,'2015-03-23 16:50:12'),(13,'caiyusong','$2a$08$Mu8E6GcCdg.pQ0.UitxKcOaZGgp5OqhCToxFJuYXyj4at0.NaIN6C','2015-02-03',1,'18680345937','yusong.cai@cnlaunch.com',NULL,'2015-03-10 13:38:29');

/*Table structure for table `sys_user_role` */

DROP TABLE IF EXISTS `sys_user_role`;

CREATE TABLE `sys_user_role` (
  `user_id` int(11) NOT NULL,
  `role_id` int(11) NOT NULL,
  PRIMARY KEY (`user_id`,`role_id`),
  KEY `sys_user_role_r` (`role_id`),
  CONSTRAINT `sys_user_role_r` FOREIGN KEY (`role_id`) REFERENCES `sys_role` (`id`),
  CONSTRAINT `sys_user_role_u` FOREIGN KEY (`user_id`) REFERENCES `sys_user` (`id`)
) ENGINE=InnoDB DEFAULT CHARSET=utf8;

/*Data for the table `sys_user_role` */

insert  into `sys_user_role`(`user_id`,`role_id`) values (1,1),(2,5);

/*!40101 SET SQL_MODE=@OLD_SQL_MODE */;
/*!40014 SET FOREIGN_KEY_CHECKS=@OLD_FOREIGN_KEY_CHECKS */;
/*!40014 SET UNIQUE_CHECKS=@OLD_UNIQUE_CHECKS */;
/*!40111 SET SQL_NOTES=@OLD_SQL_NOTES */;
